cityId,propertyId,propertyName,group,date,priceLocal,currency,source,collectedAt,extraction,note
tokyo,acme:00019,"Example Hotel Tokyo 01",example-feed,2026-10-20,8900,JPY,example-feed,2026-09-30T02:00:00Z,verified,synthetic example data
tokyo,acme:00341,"Example Hotel Tokyo 02",example-feed,2026-10-20,9450,JPY,example-feed,2026-09-30T02:00:00Z,verified,synthetic example data
tokyo,acme:00119,"Example Hotel Tokyo 03",example-feed,2026-10-20,9200,JPY,example-feed,2026-09-30T02:00:00Z,verified,synthetic example data
tokyo,acme:00355,"Example Hotel Tokyo 04",example-feed,2026-10-20,10550,JPY,example-feed,2026-09-30T02:00:00Z,verified,synthetic example data
tokyo,acme:00368,"Example Hotel Tokyo 05",example-feed,2026-10-20,8800,JPY,example-feed,2026-09-30T02:00:00Z,verified,synthetic example data
tokyo,acme:00135,"Example Hotel Tokyo 06",example-feed,2026-10-20,9050,JPY,example-feed,2026-09-30T02:00:00Z,verified,synthetic example data
tokyo,acme:00241,"Example Hotel Tokyo 07",example-feed,2026-10-20,11500,JPY,example-feed,2026-09-30T02:00:00Z,verified,synthetic example data
tokyo,acme:00302,"Example Hotel Tokyo 08",example-feed,2026-10-20,9550,JPY,example-feed,2026-09-30T02:00:00Z,verified,synthetic example data
tokyo,acme:00158,"Example Hotel Tokyo 09",example-feed,2026-10-20,11000,JPY,example-feed,2026-09-30T02:00:00Z,verified,synthetic example data
tokyo,acme:00276,"Example Hotel Tokyo 10",example-feed,2026-10-20,9800,JPY,example-feed,2026-09-30T02:00:00Z,verified,synthetic example data
tokyo,acme:00094,"Example Hotel Tokyo 11",example-feed,2026-10-20,9750,JPY,example-feed,2026-09-30T02:00:00Z,verified,synthetic example data
tokyo,acme:00330,"Example Hotel Tokyo 12",example-feed,2026-10-20,12600,JPY,example-feed,2026-09-30T02:00:00Z,verified,synthetic example data
tokyo,acme:00019,"Example Hotel Tokyo 13",example-feed,2026-10-21,10600,JPY,example-feed,2026-09-30T02:00:00Z,verified,synthetic example data
tokyo,acme:00341,"Example Hotel Tokyo 14",example-feed,2026-10-21,11240,JPY,example-feed,2026-09-30T02:00:00Z,verified,synthetic example data
tokyo,acme:00119,"Example Hotel Tokyo 15",example-feed,2026-10-21,10940,JPY,example-feed,2026-09-30T02:00:00Z,verified,synthetic example data
tokyo,acme:00355,"Example Hotel Tokyo 16",example-feed,2026-10-21,12520,JPY,example-feed,2026-09-30T02:00:00Z,verified,synthetic example data
tokyo,acme:00368,"Example Hotel Tokyo 17",example-feed,2026-10-21,10450,JPY,example-feed,2026-09-30T02:00:00Z,verified,synthetic example data
tokyo,acme:00135,"Example Hotel Tokyo 18",example-feed,2026-10-21,10730,JPY,example-feed,2026-09-30T02:00:00Z,verified,synthetic example data
tokyo,acme:00241,"Example Hotel Tokyo 19",example-feed,2026-10-21,13620,JPY,example-feed,2026-09-30T02:00:00Z,verified,synthetic example data
tokyo,acme:00302,"Example Hotel Tokyo 20",example-feed,2026-10-21,10860,JPY,example-feed,2026-09-30T02:00:00Z,verified,synthetic example data
tokyo,acme:00158,"Example Hotel Tokyo 21",example-feed,2026-10-21,12560,JPY,example-feed,2026-09-30T02:00:00Z,verified,synthetic example data
tokyo,acme:00276,"Example Hotel Tokyo 22",example-feed,2026-10-21,11660,JPY,example-feed,2026-09-30T02:00:00Z,verified,synthetic example data
tokyo,acme:00094,"Example Hotel Tokyo 23",example-feed,2026-10-21,11600,JPY,example-feed,2026-09-30T02:00:00Z,verified,synthetic example data
tokyo,acme:00330,"Example Hotel Tokyo 24",example-feed,2026-10-21,14950,JPY,example-feed,2026-09-30T02:00:00Z,verified,synthetic example data
tokyo,acme:00019,"Example Hotel Tokyo 25",example-feed,2026-10-22,9100,JPY,example-feed,2026-09-30T02:00:00Z,verified,synthetic example data
tokyo,acme:00341,"Example Hotel Tokyo 26",example-feed,2026-10-22,9650,JPY,example-feed,2026-09-30T02:00:00Z,verified,synthetic example data
tokyo,acme:00119,"Example Hotel Tokyo 27",example-feed,2026-10-22,9400,JPY,example-feed,2026-09-30T02:00:00Z,verified,synthetic example data
tokyo,acme:00355,"Example Hotel Tokyo 28",example-feed,2026-10-22,10750,JPY,example-feed,2026-09-30T02:00:00Z,verified,synthetic example data
tokyo,acme:00368,"Example Hotel Tokyo 29",example-feed,2026-10-22,9000,JPY,example-feed,2026-09-30T02:00:00Z,verified,synthetic example data
tokyo,acme:00135,"Example Hotel Tokyo 30",example-feed,2026-10-22,8800,JPY,example-feed,2026-09-30T02:00:00Z,verified,synthetic example data
tokyo,acme:00241,"Example Hotel Tokyo 31",example-feed,2026-10-22,11250,JPY,example-feed,2026-09-30T02:00:00Z,verified,synthetic example data
tokyo,acme:00302,"Example Hotel Tokyo 32",example-feed,2026-10-22,9300,JPY,example-feed,2026-09-30T02:00:00Z,verified,synthetic example data
tokyo,acme:00158,"Example Hotel Tokyo 33",example-feed,2026-10-22,10750,JPY,example-feed,2026-09-30T02:00:00Z,verified,synthetic example data
tokyo,acme:00276,"Example Hotel Tokyo 34",example-feed,2026-10-22,10000,JPY,example-feed,2026-09-30T02:00:00Z,verified,synthetic example data
tokyo,acme:00094,"Example Hotel Tokyo 35",example-feed,2026-10-22,9950,JPY,example-feed,2026-09-30T02:00:00Z,verified,synthetic example data
tokyo,acme:00330,"Example Hotel Tokyo 36",example-feed,2026-10-22,12800,JPY,example-feed,2026-09-30T02:00:00Z,verified,synthetic example data
